ID,age,balance,country,credit_score,estimated_salary,gender,churn
0,48,96898.4821945344,0,654,74961.90567339897,0,1
1,62,144976.5,0,608,175836.03,0,1
2,32,0.0,0,629,77965.44,1,0
3,20,124266.86,0,636,100566.81,0,0
4,42,88844.62804999942,0,714,180637.27341623505,0,1
5,34,0.0,2,828,81853.98,1,0
6,36,164850.54,0,850,62722.44,0,0
7,31,138008.06,1,651,129912.74,1,0
8,38,134811.3,0,700,1299.75,1,0
9,35,0.0,2,643,41549.64,0,0
10,34,152992.91,0,574,134691.2,0,0
11,20,0.0,2,714,150465.93,1,0
12,52,136938.36288649484,1,693,68753.02715165917,0,1
13,36,0.0,2,574,8559.66,1,0
14,41,154007.21,1,687,158408.23,0,0
15,46,134673.94727501,1,766,24413.53579544225,0,1
16,29,96863.52,1,631,31613.35,0,0
17,37,70258.88,1,588,139607.61,0,0
18,31,0.0,1,661,167023.2193406078,0,1
19,38,144188.04678774954,1,559,22582.258310452387,1,1
20,61,0.0,0,705,191313.7,1,0
21,41,141749.68,1,579,9201.53,1,0
22,35,151958.19,1,778,131238.37,0,1
23,43,0.0,0,522,153127.0622353552,0,1
24,36,114517.3112128863,1,641,18639.0648434769,0,1
25,24,85089.3,1,660,71638.0,1,0
26,41,122189.66,1,416,98301.61,0,0
27,52,92949.58248474525,1,614,4585.383154965953,0,1
28,52,98694.00152755082,1,714,72449.66706918427,1,1
29,46,135070.58,1,487,44244.49,0,1
30,44,206309.1685664477,0,619,134899.77055434012,0,1
31,54,119112.9992119836,0,676,157511.61941064772,0,1
32,43,0.0,0,686,170072.9,0,0
33,41,97824.34667604246,1,586,133077.3847793909,0,1
34,32,0.0,2,596,146504.35,1,0
35,37,85011.31765807021,0,689,95040.51780260762,0,1
36,30,131286.46,0,477,194144.45,0,0
37,37,0.0,2,590,133535.99,1,0
38,51,120290.9315047886,1,631,54704.911357166544,0,1
39,39,133102.92,0,819,27046.46,0,1
40,39,117833.3,1,579,5831.0,0,1
41,34,0.0,0,651,138113.71,0,0
42,33,164385.53,0,845,150664.97,1,0
43,42,90393.79097999474,0,480,138235.37885833,0,1
44,57,92053.0,0,707,164064.44,0,1
45,38,113000.92,0,558,152872.39,1,0
46,41,122762.32449600036,1,547,197988.8043608184,0,1
47,25,0.0,0,711,9679.28,0,0
48,56,0.0,2,695,187734.49,1,1
49,51,143946.61775281237,0,691,94449.24093575534,0,1
50,29,0.0,0,616,166984.44,1,0
51,53,187602.18,2,664,186392.99,0,1
52,33,119278.44,1,724,197148.24,0,0
53,44,0.0,0,632,118077.69249460848,0,1
54,33,174571.36,0,644,43943.09,1,0
55,34,0.0,0,660,9692.58,1,0
56,50,0.0,0,657,37171.46,1,0
57,33,130368.31,1,565,105642.43,1,0
58,42,91611.12,2,603,144675.3,0,1
59,62,138319.14250602582,1,736,118048.61956725024,0,1
60,38,128345.69,0,781,63218.85,0,0
61,51,142824.5648440736,0,685,110728.18049291274,0,1
62,55,97108.78869871996,1,617,148054.2914625882,0,1
63,39,135134.99,1,660,173683.0,0,1
64,58,157086.6341014764,0,846,26095.620153387244,0,1
65,48,122831.58,1,768,24533.89,1,1
66,34,139959.55,1,477,189875.83,1,0
67,45,0.0,0,654,140674.9288791008,0,1
68,57,124253.01504813335,1,637,141792.14443060022,0,1
69,51,114931.5419231018,0,421,170057.73749153418,0,1
70,47,136911.07,1,839,168184.62,1,1
71,42,85839.62,1,790,198182.73,1,0
72,44,105770.7,0,555,60533.96,0,1
73,34,0.0,0,647,54259.358971597765,1,1
74,29,99097.36,1,673,9796.69,0,0
75,32,0.0,0,650,97813.01777445668,0,1
76,51,81818.49,2,615,169149.38,1,0
77,30,111927.45,2,613,175795.87,1,0
78,36,97786.08,0,656,21478.36,1,0
79,31,0.0,0,549,25684.85,1,0
80,59,50818.58791995164,0,593,190797.14256094236,0,1
81,46,0.0,0,757,37460.05,1,0
82,46,66582.81,2,749,78753.12,0,1
83,48,118469.38,0,623,158590.25,1,0
84,40,0.0,0,689,119446.64,0,0
85,45,112006.0571228117,1,487,103026.78894578308,0,1
86,43,145618.37,0,542,10350.74,0,0
87,49,111634.29,0,437,166440.32,1,0
88,39,135139.33,0,788,113086.08,0,0
89,49,103088.59560963907,0,629,183916.60229539324,1,1
90,35,99945.29130684372,1,734,50043.38393172855,0,1
91,46,0.0,2,800,171928.04,0,0
92,43,144236.77133246386,0,655,156001.83463274682,0,1
93,56,148396.8703473234,0,726,125958.14086878648,0,1
94,45,0.0,0,628,193903.06,0,0
95,41,130931.83,0,649,144808.37,0,0
96,28,121403.57728510063,0,530,164532.7023089933,0,1
97,22,101528.61,1,597,70529.0,0,1
98,45,142574.67609358922,1,707,92931.17030666184,0,1
99,32,0.0,0,688,177607.77,0,0
100,43,121152.05,1,738,64166.7,1,1
101,42,141840.94388702445,0,660,24078.82719148365,0,1
102,45,112080.73517644726,1,715,190288.5317315463,0,1
103,72,0.0,0,673,111981.19,1,0
104,54,0.0,0,710,28771.130423318744,0,1
105,42,129735.3,0,704,179565.57,1,0
106,30,90536.81,1,685,63082.88,1,0
107,31,88221.31876529507,1,621,17708.653197435673,0,1
108,31,0.0,0,553,89087.4,0,0
109,40,125864.74177778218,1,669,134586.0881769278,0,1
110,34,0.0,2,695,67502.12,0,0
111,43,85162.26,2,597,5104.08,1,1
112,31,79019.8,2,738,18606.23,1,0
113,30,122641.56,1,637,65618.01,1,0
114,33,129307.32,0,530,172930.28,0,0
115,42,164951.56,0,471,190531.77,1,0
116,44,0.0,2,573,107124.17,1,0
117,41,94194.90380881344,1,646,123085.98390348352,0,1
118,67,157094.78,1,689,99490.01,1,0
119,31,160566.11,0,650,27073.81,0,0
120,29,0.0,0,692,76755.99,1,1
121,27,155879.09,0,455,70774.97,0,0
122,41,0.0,2,665,132152.32,1,0
123,34,0.0,0,726,14121.61,1,0
124,45,0.0,0,530,190663.89,0,1
125,42,110883.39963330644,0,632,112769.32029740444,0,1
126,41,0.0,0,609,112585.19,1,0
127,34,141806.0,1,746,183494.87,1,0
128,37,99660.13,1,766,147700.78,1,0
129,25,86605.5,2,650,16649.31,0,1
130,39,0.0,0,621,58883.91,1,0
131,57,126849.2617590522,0,675,1195.4420470820069,0,1
132,52,122403.562450963,0,568,156085.3728102765,0,1
133,43,145860.98,0,638,142763.51,0,1
134,43,146724.23186301166,0,652,180869.1503795045,0,1
135,38,98640.74,0,622,110457.99,0,0
136,35,115651.6,0,763,104706.29,0,0
137,49,170767.86718164172,1,680,109993.16953117172,0,1
138,47,110274.90751793043,0,593,170395.1719499804,0,1
139,43,97473.87,2,528,159823.16,1,0
140,40,149991.31110250857,0,612,88212.91489531574,1,1
141,60,120731.39,0,653,138160.11,0,1
142,34,128345.96513580138,1,568,2545.126765411598,0,1
143,31,121192.22,1,737,74890.58,1,0
144,33,0.0,0,731,74945.11,1,0
145,36,0.0,0,625,41295.1,0,1
146,42,140601.89176905173,1,609,192404.5579224784,0,1
147,50,90408.16,0,484,48170.57,0,0
148,55,0.0,1,691,178245.01392074034,0,1
149,49,133990.3581254663,0,608,6704.852582228066,0,1
150,26,0.0,0,700,50051.42,0,0
151,32,92961.61,0,680,116957.6,1,0
152,39,0.0,0,611,174921.91451876648,0,1
153,41,150400.05525264025,0,667,9822.19307054465,0,1
154,35,206868.78,1,573,102986.15,0,0
155,34,0.0,2,613,41724.72,1,0
156,33,158456.76,1,779,197000.92,1,1
157,26,98684.15,0,725,133720.57,1,0
158,58,0.0,0,570,116503.92,0,1
159,43,143061.88,0,646,61937.6,0,0
160,28,137222.77,0,592,39608.58,1,0
161,37,143835.47,0,694,33326.71,1,0
162,45,158477.03543069176,0,560,54506.378097859255,1,1
163,29,0.0,0,542,8342.35,1,0
164,44,117089.52158471973,0,567,88109.66032925136,0,1
165,53,0.0,1,656,188414.6419654852,0,1
166,46,126505.91738377936,2,614,112576.54312939804,1,1
167,49,136288.53505636938,1,581,132263.05300139033,0,1
168,30,0.0,0,752,104991.28,0,0
169,58,178713.98,2,671,21768.21,1,0
170,37,124969.13,0,555,60194.05,1,0
171,38,0.0,0,850,9015.07,0,0
172,55,0.0,0,783,93198.54832335956,0,1
173,31,0.0,1,605,61267.17581923456,1,1
174,29,0.0,0,631,18581.84,1,0
175,50,156167.38778523775,1,629,54310.13622053301,0,1
176,37,0.0,0,721,70810.8,0,0
177,28,155060.41,0,644,29179.52,1,0
178,33,174609.92890840583,1,630,170085.48490527665,0,1
179,47,0.0,1,715,173474.64835008245,0,1
180,38,172591.96748950682,0,490,52735.11008115263,0,1
181,66,109713.36905779698,0,778,21926.061090772157,0,1
182,45,24043.45,0,559,169781.45,1,1
183,51,119741.77,1,647,54954.51,0,1
184,42,0.0,0,606,18696.816444020576,0,1
185,37,117524.72,1,611,161064.29,1,0
186,35,140691.08,1,703,167810.26,1,0
187,40,56037.11473277709,1,612,61394.961263752,0,1
188,50,0.0,0,702,94949.84,1,0
189,47,64430.06,0,601,96517.97,1,0
190,28,0.0,0,733,12761.16,0,0
191,45,120591.19,1,640,195123.94,1,0
192,39,0.0,0,492,71323.23,1,0
193,29,178171.04,0,776,115818.51,0,0
194,47,90169.63241680484,0,648,13078.343021700215,0,1
195,54,0.0,1,781,161360.8463885213,1,1
196,52,164978.01,0,625,67788.49,1,0
197,28,152264.81,1,559,64242.31,0,0
198,37,89645.66131621503,0,676,169577.15273001895,0,1
199,49,0.0,2,645,162012.6,1,0
200,51,132508.3,1,591,161304.68,0,1
201,24,135323.1477111846,0,686,53453.43687220095,1,1
202,69,0.0,0,675,157097.09,1,0
203,54,140210.60095981375,0,516,177143.84523873046,0,1
204,57,116936.81,1,616,104379.36,0,0
205,48,142447.08298789233,1,566,192544.4285269819,0,1
206,52,131441.51,1,489,37240.11,0,1
207,27,111348.15,1,813,46422.46,1,0
208,40,101891.1,0,795,183044.86,0,0
209,30,110153.27,1,666,74849.46,1,0
210,31,153316.14,2,641,59927.99,1,0
211,29,103417.74,0,638,15336.4,0,0
212,56,169743.83,1,850,155850.4,1,1
213,52,0.0,0,691,175843.68,1,1
214,47,124843.73783552156,0,590,115536.72619618464,1,1
215,49,0.0,0,627,173478.9620020652,0,1
216,61,0.0,2,615,150227.85,1,1
217,37,128389.63,1,779,6589.16,0,1
218,62,155038.55174542774,0,706,145954.8156113562,0,1
219,43,0.0,0,699,132192.60478922847,0,1
220,36,0.0,0,785,61811.1,1,0
221,52,0.0,2,533,194113.99,0,1
222,22,0.0,0,694,11525.72,0,0
223,25,127728.24,2,546,105279.74,1,0
224,48,119442.71028685205,0,594,76309.51898868714,1,1
225,37,168735.74,1,658,70370.24,1,0
226,60,169069.9598458754,0,845,184971.6235960719,1,1
227,47,123365.34,0,811,171995.34,0,0
228,39,130565.02,1,562,9854.72,0,1
229,42,108825.34,0,571,55558.51,0,1
230,31,0.0,0,561,148672.30185820517,0,1
231,28,0.0,2,628,176750.81,1,0
232,71,140273.47,1,576,193135.25,0,1
233,67,130652.52,0,738,22762.23,0,0
234,45,0.0,0,597,167756.45,1,0
235,52,0.0,0,501,109071.73612242009,0,1
236,51,0.0,0,350,125823.79,1,1
237,33,0.0,2,576,190112.05,1,0
238,46,182364.53,2,790,139266.48,1,1
239,34,152806.74,2,433,19687.99,1,0
240,37,129411.81447349188,0,693,106896.367778204,0,1
241,60,115924.89,1,756,93524.19,0,1
242,47,140498.04813653935,1,689,176188.79324462274,0,1
243,38,142316.14,1,696,8018.49,1,0
244,50,0.0,0,608,93568.77,1,1
245,40,107041.3,1,583,5635.63,1,0
246,20,119714.25,1,767,150135.38,1,0
247,30,57809.32,1,627,188258.49,0,0
248,42,134936.97,0,504,135178.91,1,0
249,26,0.0,0,545,199638.56,0,0
250,53,149615.10262443128,1,773,47601.490155833424,0,1
251,42,63227.0,1,703,137316.32,1,0
252,73,146329.73,0,627,43615.67,1,0
253,51,148074.79,1,751,146411.41,0,1
254,40,166776.6,1,425,172646.88,1,0
255,39,83456.79,0,622,38882.34,0,0
256,28,141792.61,0,499,22001.91,0,0
257,28,150329.15,1,579,145558.42,1,0
258,34,0.0,0,786,144517.19,1,0
259,46,69527.23397323319,2,568,133608.46068458736,0,1
260,63,0.0,2,634,30772.86,1,1
261,51,157671.67062688584,1,597,155785.45897042414,0,1
262,54,172192.49,1,724,136902.01,1,0
263,27,95826.49,1,628,155996.96,1,0
264,36,70438.01,2,443,56937.43,1,0
265,52,150287.40273331423,0,686,125281.83179085577,1,1
266,48,150315.92,2,605,133486.36,0,0
267,23,143054.85,2,850,62980.96,0,0
268,49,143320.95716186354,0,627,109517.40665998872,0,1
269,35,103711.56,1,641,192464.21,1,1
270,50,0.0,1,626,145551.79757192993,0,1
271,40,0.0,0,450,79064.81406961218,0,1
272,37,0.0,0,785,5339.737942020771,0,1
273,34,0.0,2,621,47972.65,1,0
274,48,123825.60004151508,0,581,181239.4608091448,0,1
275,32,0.0,0,627,106851.7,0,0
276,48,56941.02890877083,0,589,114200.01677525438,0,1
277,30,0.0,2,630,10486.69,1,0
278,40,121629.22,2,673,3258.6,1,0
279,57,162188.16672415423,0,686,146977.30361643314,0,1
280,25,134925.30372083758,1,685,53976.22462280184,1,1
281,42,0.0,1,643,187538.5098027141,0,1
282,38,132622.35542087798,1,610,180376.4905299449,0,1
283,47,115220.55492099708,0,569,116500.97395708102,0,1
284,46,118441.71897456482,1,526,82486.41387704031,0,1
285,44,182764.71084804065,1,661,68211.01416484719,1,1
286,60,116344.50144678049,1,679,159375.95142485772,1,1
287,34,57317.38983064624,2,696,17193.55484957363,0,1
288,48,131659.59,2,676,14152.15,1,0
289,29,152265.43,0,593,34004.44,0,0
290,47,0.0,0,618,133744.51856081036,0,1
291,59,64322.44137769622,0,580,108530.35879496834,0,1
292,37,70267.31751283388,0,587,105574.735051527,0,1
293,23,166594.78,0,704,155823.2,1,0
294,31,0.0,0,710,112289.06,0,0
295,29,138296.94,2,635,141075.51,0,0
296,41,142747.25198683838,1,719,185861.7486388055,0,1
297,41,87541.06,1,498,12577.21,0,1
298,26,166257.96,0,674,149369.41,1,0
299,34,0.0,0,492,182093.94496219468,0,1
300,53,0.0,2,651,29069.03782850751,0,1
301,36,152899.24,1,729,177130.33,1,0
302,48,94982.8925991974,0,769,21997.781235518363,0,1
303,47,58797.278903530656,0,626,87620.45334795598,0,1
304,40,90736.66779248716,0,572,68057.21833331889,0,1
305,53,117927.575449547,0,693,62550.21827755901,0,1
306,36,0.0,0,606,155641.46,0,0
307,35,121015.2157602299,1,675,52252.324043009176,0,1
308,45,122311.21,2,850,19482.5,0,0
309,42,0.0,0,543,56650.47,1,0
310,46,120530.34,1,710,166586.99,0,1
311,32,125445.04,1,587,130514.78,0,0
312,48,139794.29569043536,1,659,190163.95032156183,1,1
313,37,0.0,2,790,98897.32,0,0
314,25,108244.82,1,673,103573.96,0,0
315,30,137110.63990760082,0,701,165652.45884809314,0,1
316,44,168093.37226689197,0,739,156545.43563129552,0,1
317,42,0.0,1,757,60636.02907498428,0,1
318,36,68881.59,0,809,109135.11,1,0
319,30,101140.76,0,470,50906.65,1,0
320,63,123204.88,1,718,100538.8,1,0
321,28,65643.3,1,718,28760.99,1,0
322,36,107279.62959101744,1,495,19720.337041221497,0,1
323,39,162390.52,2,603,54702.66,0,0
324,30,0.0,0,595,185083.03738367264,1,1
325,35,123817.8281026122,1,757,34941.375358771045,0,1
326,37,110724.25570180715,1,815,17123.2615587942,0,1
327,50,170932.62825615346,0,674,56671.025789939085,1,1
328,33,130499.09,0,704,74804.36,0,0
329,26,0.0,0,609,98463.99,1,0
330,34,130643.88801492887,1,675,28751.31657393787,0,1
331,58,137318.42,1,527,126144.96,1,0
332,27,0.0,2,559,1050.33,0,0
333,43,137579.54330545422,0,712,45900.92159019676,0,1
334,20,165260.98,2,703,41626.78,1,0
335,33,0.0,0,711,41590.4,1,0
336,31,0.0,0,693,182270.88,1,0
337,28,0.0,0,600,52193.23,0,0
338,49,121860.99274432263,0,731,177528.7906002179,0,1
339,48,0.0,1,652,164127.15667066193,0,1
340,32,93012.89,0,601,86957.42,1,0
341,29,148143.84,0,681,52021.39,0,0
342,29,0.0,2,635,117173.8,1,0
343,28,0.0,0,821,46072.52,1,0
344,52,112056.89648436518,1,518,54328.41607706068,1,1
345,74,106545.53,1,733,134589.58,1,0
346,29,127269.75,1,684,79495.01,1,0
347,43,147850.77036269373,0,551,74260.88361217063,1,1
348,46,116100.45164927204,1,692,124593.55006245464,0,1
349,41,3426.0829718860573,0,735,176891.0551320094,0,1
350,40,0.0,0,554,168780.04,1,0
351,35,155477.49958438784,0,585,13523.872357948663,0,1
352,49,171787.84,1,626,187192.23,1,0
353,24,0.0,2,704,35600.25,0,1
354,53,123916.67,1,638,16657.68,0,1
355,35,133026.53492339345,1,689,189411.9525036574,0,1
356,48,108076.33,1,623,118855.26,0,1
357,44,0.0,1,566,5167.604041349689,0,1
358,61,137655.31,1,445,29909.84,0,0
359,61,0.0,2,758,43982.41,1,0
360,23,107433.48,0,781,173843.21,1,0
361,40,119501.88,0,606,46774.94,1,0
362,40,0.0,0,645,132778.69170755005,0,1
363,37,0.0,0,776,8065.0,1,0
364,29,0.0,0,755,4733.94,0,0
365,37,108862.76,1,655,79555.08,0,1
366,29,0.0,0,731,162452.65,1,0
367,30,112393.57654371204,1,571,8343.687856603363,0,1
368,58,128468.69,2,591,137254.55,1,0
369,52,126531.37412064864,1,574,172788.05774109092,0,1
370,50,0.0,0,700,46622.84007913632,0,1
371,55,0.0,0,576,94450.97,1,0
372,58,98308.51,2,633,132034.13,1,0
373,29,125689.29,0,699,151623.71,1,0
374,46,0.0,0,643,106781.59,0,0
375,44,123967.05792385928,0,811,176347.98776320036,0,1
376,47,118907.6,1,604,47777.15,0,1
377,60,185648.56,0,678,192156.54,1,1
378,53,0.0,1,785,160549.0042088206,1,1
379,31,79589.43,0,666,4050.57,0,0
380,44,88536.287101394,2,643,157516.10272025238,0,1
381,46,120638.28975364544,1,688,166825.91247456268,0,1
382,22,0.0,0,674,173940.59,1,0
383,22,0.0,0,620,32589.45,1,0
384,39,141675.23,0,609,175664.25,0,0
385,43,97546.65219700208,1,638,7771.615547308059,0,1
386,39,118265.21766305406,0,644,59804.282187393845,0,1
387,31,0.0,0,579,139048.0,1,0
388,40,109628.44,1,707,189366.03,0,0
389,62,127738.75,0,547,85153.0,1,0
390,36,112262.84,0,654,12873.39,1,0
391,33,0.0,1,630,92646.3433686676,0,1
392,35,99760.84,0,501,13591.52,1,0
393,34,0.0,0,519,68479.6,1,0
394,44,121250.04,2,497,79691.4,1,0
395,39,0.0,2,769,47722.79,1,0
396,36,0.0,2,657,123866.43,1,0
397,47,89799.46,0,640,13783.77,0,1
398,38,110615.47,0,612,193502.93,0,0
399,29,93617.07,2,687,113050.92,0,0
400,61,0.0,0,620,31641.52,1,1
401,37,83352.25207417623,0,608,173434.1544298826,0,1
402,35,151741.47988530513,1,771,130901.35965907988,0,1
403,58,91285.13,0,711,26767.85,1,0
404,40,117066.84264152564,0,693,161361.60333518955,0,1
405,31,122647.32,0,756,61666.87,1,0
406,55,131367.37627179,2,645,114782.92766393044,1,1
407,35,147127.81,1,637,84760.7,1,0
408,47,85236.50726092237,2,552,143790.11287269965,0,1
409,71,170252.05,0,624,73679.59,0,1
410,50,81633.95794106266,1,761,185558.1257864468,0,1
411,37,71786.9,0,667,67734.79,0,0
412,71,119496.87,1,434,125848.88,1,0
413,45,123165.79137261238,0,667,157348.23216492642,0,1
414,28,134571.5,0,777,118313.38,0,0
415,56,132602.29387334146,1,655,5214.189639281614,0,1
416,26,156815.71,0,466,137476.09,1,0
417,65,134714.7,2,681,190419.81,1,0
418,43,0.0,2,670,84542.18345550758,0,1
419,44,102817.81757745272,1,662,139931.75775033503,0,1
420,78,0.0,2,655,188435.38,0,0
421,37,148829.0249711012,1,711,66818.54375148646,1,1
422,44,0.0,0,636,86414.41,1,0
423,47,0.0,0,621,133831.37,1,1
424,44,151020.39785611854,0,488,110138.91777919709,0,1
425,52,161209.66,0,799,89081.41,0,0
426,40,120351.99325486318,1,672,114187.94924179028,0,1
427,43,119809.307782026,1,672,21712.932270113004,1,1
428,48,156162.8142461538,1,524,148791.8916096259,0,1
429,57,111359.55,0,698,105715.01,0,0
430,38,0.0,0,681,53308.51756729245,0,1
431,52,169022.55290198736,0,790,148813.43614323542,0,1
432,44,110402.92906970075,1,508,78226.17038037913,0,1
433,44,157784.92468190694,0,624,94173.20607998948,0,1
434,47,121376.15,0,750,54473.6,0,1
435,47,108188.16129762348,1,709,112381.94917503557,0,1
436,30,145241.63,2,544,80676.83,1,0
437,46,0.0,0,753,90747.94,1,1
438,45,161474.3140504621,0,622,122327.56486129806,0,1
439,51,170474.19574550595,0,677,56050.5696840896,1,1
440,36,89800.14,0,770,105922.69,1,0
441,72,121215.9,0,783,105206.48,0,0
442,37,62974.64,1,641,39016.43,0,0
443,22,150126.44,0,829,152107.93,0,1
444,38,0.0,0,711,68487.51,1,0
445,26,136214.08,0,510,159742.33,0,0
446,66,0.0,0,560,15928.49,0,0
447,32,0.0,2,736,79082.62,1,0
448,25,190066.54,0,711,51345.39,0,1
449,35,107944.33,0,690,48478.47,0,0
450,28,129914.17647276224,0,645,150011.83987760337,0,1
451,66,0.0,0,646,177119.93287715613,0,1
452,37,88363.03,0,677,117946.3,1,0
453,34,0.0,2,786,117034.32,0,0
454,41,116201.57314782408,1,574,126065.64609532202,0,1
455,56,131818.95133736808,0,593,190521.8247124383,0,1
456,53,139687.66,1,724,12913.92,0,0
457,37,0.0,2,619,12787.272313467189,0,1
458,26,97460.1,0,574,43093.67,1,0
459,35,109545.48822543552,1,630,185241.8618453768,0,1
460,37,120053.19535983675,1,536,13058.408496108015,0,1
461,35,117299.04107122873,1,753,176804.49896948508,1,1
462,40,0.0,0,653,35795.85,0,0
463,38,0.0,2,597,41303.29,1,0
464,63,116227.27,1,523,119404.63,1,0
465,29,123479.22522327874,0,655,57002.57909861563,1,1
466,56,104217.3,1,504,55857.48,1,1
467,74,0.0,0,617,53949.98,1,0
468,26,205962.0,0,508,156424.4,1,0
469,37,102519.34328758348,1,645,76507.55425261646,0,1
470,35,95698.79,1,683,182566.76,0,0
471,37,0.0,0,705,13935.53,0,1
472,56,110993.79,1,668,134396.64,1,1
473,51,104760.82,0,605,165574.54,0,1
474,25,81732.88,1,736,136497.28,0,0
475,25,0.0,0,550,184221.11,1,0
476,50,0.0,2,628,144366.83,1,1
477,51,146606.6,0,661,68021.9,1,0
478,29,0.0,0,549,189558.44,0,0
479,40,68155.59,0,743,94876.65,1,0
480,47,0.0,0,557,125729.69955150824,0,1
481,29,95984.69,0,768,73686.75,1,0
482,35,82453.96,1,753,18254.75,0,0
483,47,90975.32168601236,0,654,188045.8878423283,0,1
484,44,140391.94535629448,1,700,175205.56331820058,0,1
485,33,138847.9,1,516,127256.7,0,0
486,34,0.0,0,697,160165.1415297243,0,1
487,33,182888.08,0,712,3061.0,1,0
488,30,41618.34361582556,0,702,126435.4187641761,0,1
489,36,73211.12,2,545,89587.34,1,1
490,36,0.0,0,739,133465.57,0,0
491,22,108117.1,2,571,53328.7,0,0
492,52,0.0,2,751,179291.85,1,0
493,27,0.0,2,516,112311.15,0,0
494,30,119755.0,1,600,21852.91,1,0
495,41,0.0,0,612,56070.3794784764,1,1
496,54,0.0,0,696,22138.336920720794,0,1
497,33,141816.25,1,675,64815.05,0,1
498,53,0.0,0,537,91406.62,0,0
499,49,76382.17864414628,1,783,153260.7763267462,0,1
500,31,0.0,0,850,33082.81,0,0
501,46,87361.02,1,584,120376.87,0,1
502,49,0.0,0,718,184474.72,0,1
503,35,0.0,0,636,23129.46,0,0
504,50,0.0,0,669,184298.29151592223,0,1
505,31,39539.39,0,757,192519.39,1,0
506,44,137041.92068253268,1,709,59920.411071237424,0,1
507,48,98714.5859535308,1,721,67889.08731005098,0,1
508,65,0.0,0,778,77867.23,0,0
509,27,101278.25,1,850,26265.18,1,0
510,53,177914.09111966332,0,685,19504.487202430537,1,1
511,35,0.0,0,767,144251.38,0,0
512,33,0.0,0,562,111590.35,1,0
513,39,0.0,2,750,19264.33,0,0
514,32,127763.24,0,590,100717.54,0,0
515,28,99705.69,1,700,146723.72,0,0
516,53,109663.47,2,707,52110.45,0,0
517,53,83568.26,0,611,1235.49,1,0
518,47,157991.8214239691,0,530,120120.31175349232,0,1
519,42,0.0,0,553,23822.04,1,0
520,35,139172.4604320233,0,741,72074.24264291224,0,1
521,24,0.0,2,696,10883.52,1,0
522,49,142767.39,0,774,8214.41,1,0
523,46,115248.11,1,727,130752.01,1,1
524,35,0.0,2,754,9658.41,1,0
525,46,0.0,0,589,170676.67,1,0
526,41,109026.8,1,704,43117.1,1,0
527,49,129472.15256902216,1,576,177580.1018287117,0,1
528,36,0.0,0,744,182867.84,1,0
529,45,0.0,0,474,172175.9,1,0
530,49,0.0,0,521,171744.6761129792,1,1
531,32,71187.24,0,478,110593.62,0,0
532,27,0.0,0,607,63495.86,0,0
533,25,0.0,0,651,126761.2,0,0
534,37,138503.51,1,648,57215.85,0,0
535,24,0.0,0,812,156906.15,1,0
536,22,121681.82,2,750,128643.35,1,1
537,30,154159.51,1,659,40441.1,0,0
538,23,184244.86,1,627,103099.22,1,0
539,71,0.0,0,624,108841.83,1,0
540,47,122684.4523348592,1,756,24101.586767785186,0,1
541,50,139537.8622259336,1,596,185041.7506492897,0,1
542,37,138476.41,1,684,52367.29,1,0
543,45,156353.46,1,482,72643.95,1,1
544,52,116497.31,1,521,53793.1,1,1
545,23,122718.40466198644,1,628,147227.59600142966,1,1
546,49,0.0,0,565,89609.26,1,0
547,54,0.0,0,608,141780.95677304137,1,1
548,54,125456.07,1,404,83715.66,0,1
549,46,109093.90381517164,1,694,168006.73153776,0,1
550,33,201594.2338611505,0,580,45805.980254988746,0,1
551,44,88056.8898216071,1,760,107812.19842888926,0,1
552,31,175443.75,0,628,113167.17,0,1
553,30,94443.77,0,643,165614.4,1,0
554,29,0.0,0,590,121846.81,0,0
555,34,163772.81856361308,1,716,147724.34385729302,0,1
556,49,0.0,0,504,87822.14,0,1
557,25,0.0,2,806,18461.9,1,0
558,42,103030.55528312964,1,822,31438.09733958105,0,1
559,50,0.0,0,659,183399.12,0,1
560,30,0.0,0,709,161388.22,0,0
561,56,0.0,0,774,52404.27336609205,1,1
562,35,104356.38,1,588,94498.82,1,0
563,47,188275.18903585148,1,700,174354.39805839007,1,1
564,49,118139.79514056206,0,606,79715.37312473077,1,1
565,27,188614.07,1,769,171344.09,1,0
566,42,0.0,0,695,72172.13,0,1
567,41,179904.0,0,735,137180.95,1,0
568,52,123155.9592294948,0,517,8638.026624695754,0,1
569,56,0.0,0,524,127052.0725260186,0,1
570,46,109661.45123021146,1,555,58485.26054943318,1,1
571,35,0.0,0,594,103480.69,1,0
572,55,110123.59,0,745,51548.14,0,1
573,44,0.0,0,682,87545.00495892183,0,1
574,33,0.0,1,704,27253.218548207707,0,1
575,45,176679.1095125797,1,661,17339.428402780464,0,1
576,47,126560.78415280192,1,547,11215.746705163816,0,1
577,51,0.0,2,599,175235.99,1,0
578,38,0.0,0,647,20154.23913415816,0,1
579,43,123536.52,2,623,154908.52,0,0
580,37,96651.03,0,592,3232.82,1,0
581,49,125497.27353908308,0,785,193948.0721191124,1,1
582,45,47134.75,0,646,57236.44,0,0
583,36,147684.36631025275,0,706,181006.2029273867,1,1
584,50,0.0,2,658,52137.73,1,0
585,38,128015.83,1,741,58440.43,1,0
586,25,108396.67,0,804,128276.95,1,0
587,35,0.0,0,639,170483.9,1,0
588,39,0.0,0,738,114388.98,1,0
589,46,142360.62,1,595,48421.4,1,1
590,59,0.0,2,621,171364.18,0,0
591,63,68396.8420634116,0,589,79016.33944551852,1,1
592,26,0.0,2,555,158918.03,0,0
593,38,142289.28,0,591,119638.85,0,0
594,32,103846.65,1,667,20560.69,1,0
595,48,142055.41,1,555,79134.78,1,0
596,51,90134.88189749591,1,541,110319.28783571471,0,1
597,61,77173.01265076762,0,547,19015.142405545157,0,1
598,29,151352.74,0,693,197145.89,1,0
599,46,122051.98114195012,1,745,145971.77584963333,0,1
